{
    "$schema": "https://schema.management.azure.com/schemas/2015-01-01/deploymentParameters.json#",
    "contentVersion": "1.0.0.0",
    "parameters": {
        "sites_ps_productdata_name": {
            "value": null
        },
        "metricAlerts_bbvxcbc_name": {
            "value": null
        },
        "sites_ps_products_webclient_name": {
            "value": null
        },
        "serverfarms_ps_products_plan_name": {
            "value": null
        },
        "components_ps_productdata_name": {
            "value": null
        },
        "storageAccounts_psazurelog_name": {
            "value": null
        },
        "components_ps_products_webclient_name": {
            "value": null
        },
        "webtests_ping_datasvc_ps_productdata_name": {
            "value": null
        },
        "workspaces_ps_log_analytics_name": {
            "value": null
        },
        "metricalerts_ping_datasvc_ps_productdata_name": {
            "value": null
        },
        "webtests_webclient_ps_products_webclient_name": {
            "value": null
        },
        "metricalerts_webclient_ps_products_webclient_name": {
            "value": null
        },
        "configurationStores_ps_paroducts_config_name": {
            "value": null
        },
        "smartdetectoralertrules_failure_anomalies___ps_app_insight_name": {
            "value": null
        },
        "smartdetectoralertrules_failure_anomalies___ps_productdata_name": {
            "value": null
        },
        "smartdetectoralertrules_failure_anomalies___ps_products_webclient_name": {
            "value": null
        },
        "components_ps_app_insight_externalid": {
            "value": null
        },
        "actiongroups_application_insights_smart_detection_externalid": {
            "value": null
        }
    }
}