{
    "$schema": "https://schema.management.azure.com/schemas/2015-01-01/deploymentParameters.json#",
    "contentVersion": "1.0.0.0",
    "parameters": {
        "sites_ps_evtgrid_ep_name": {
            "value": null
        },
        "topics_ps_event_grid_name": {
            "value": null
        },
        "namespaces_ps_evt_hubs_name": {
            "value": null
        },
        "serverfarms_ps_evtgrid_plan_name": {
            "value": null
        },
        "systemTopics_MijnHoofdstuk_name": {
            "value": null
        },
        "storageAccounts_psgridlogging_name": {
            "value": null
        }
    }
}