{
    "$schema": "https://schema.management.azure.com/schemas/2019-04-01/deploymentTemplate.json#",
    "contentVersion": "1.0.0.0",
    "parameters": {
        "sites_ps_evtgrid_ep_name": {
            "defaultValue": "ps-evtgrid-ep",
            "type": "String"
        },
        "topics_ps_event_grid_name": {
            "defaultValue": "ps-event-grid",
            "type": "String"
        },
        "namespaces_ps_evt_hubs_name": {
            "defaultValue": "ps-evt-hubs",
            "type": "String"
        },
        "serverfarms_ps_evtgrid_plan_name": {
            "defaultValue": "ps-evtgrid-plan",
            "type": "String"
        },
        "systemTopics_MijnHoofdstuk_name": {
            "defaultValue": "MijnHoofdstuk",
            "type": "String"
        },
        "storageAccounts_psgridlogging_name": {
            "defaultValue": "psgridlogging",
            "type": "String"
        }
    },
    "variables": {},
    "resources": [
        {
            "type": "Microsoft.EventGrid/topics",
            "apiVersion": "2021-06-01-preview",
            "name": "[parameters('topics_ps_event_grid_name')]",
            "location": "westeurope",
            "sku": {
                "name": "Basic"
            },
            "kind": "Azure",
            "identity": {
                "type": "None"
            },
            "properties": {
                "inputSchema": "EventGridSchema",
                "publicNetworkAccess": "Enabled",
                "disableLocalAuth": false
            }
        },
        {
            "type": "Microsoft.EventHub/namespaces",
            "apiVersion": "2021-06-01-preview",
            "name": "[parameters('namespaces_ps_evt_hubs_name')]",
            "location": "West Europe",
            "sku": {
                "name": "Standard",
                "tier": "Standard",
                "capacity": 5
            },
            "properties": {
                "disableLocalAuth": false,
                "zoneRedundant": true,
                "isAutoInflateEnabled": false,
                "maximumThroughputUnits": 0,
                "kafkaEnabled": true
            }
        },
        {
            "type": "Microsoft.Storage/storageAccounts",
            "apiVersion": "2021-06-01",
            "name": "[parameters('storageAccounts_psgridlogging_name')]",
            "location": "westeurope",
            "sku": {
                "name": "Standard_LRS",
                "tier": "Standard"
            },
            "kind": "StorageV2",
            "properties": {
                "defaultToOAuthAuthentication": false,
                "allowCrossTenantReplication": true,
                "minimumTlsVersion": "TLS1_2",
                "allowBlobPublicAccess": true,
                "allowSharedKeyAccess": true,
                "networkAcls": {
                    "bypass": "AzureServices",
                    "virtualNetworkRules": [],
                    "ipRules": [],
                    "defaultAction": "Allow"
                },
                "supportsHttpsTrafficOnly": true,
                "encryption": {
                    "services": {
                        "file": {
                            "keyType": "Account",
                            "enabled": true
                        },
                        "blob": {
                            "keyType": "Account",
                            "enabled": true
                        }
                    },
                    "keySource": "Microsoft.Storage"
                },
                "accessTier": "Hot"
            }
        },
        {
            "type": "Microsoft.Web/serverfarms",
            "apiVersion": "2021-02-01",
            "name": "[parameters('serverfarms_ps_evtgrid_plan_name')]",
            "location": "West Europe",
            "sku": {
                "name": "S1",
                "tier": "Standard",
                "size": "S1",
                "family": "S",
                "capacity": 1
            },
            "kind": "app",
            "properties": {
                "perSiteScaling": false,
                "elasticScaleEnabled": false,
                "maximumElasticWorkerCount": 1,
                "isSpot": false,
                "reserved": false,
                "isXenon": false,
                "hyperV": false,
                "targetWorkerCount": 0,
                "targetWorkerSizeId": 0,
                "zoneRedundant": false
            }
        },
        {
            "type": "Microsoft.EventGrid/systemTopics",
            "apiVersion": "2021-06-01-preview",
            "name": "[parameters('systemTopics_MijnHoofdstuk_name')]",
            "location": "westeurope",
            "dependsOn": [
                "[resourceId('Microsoft.Storage/storageAccounts', parameters('storageAccounts_psgridlogging_name'))]"
            ],
            "properties": {
                "source": "[resourceId('Microsoft.Storage/storageAccounts', parameters('storageAccounts_psgridlogging_name'))]",
                "topicType": "Microsoft.Storage.StorageAccounts"
            }
        },
        {
            "type": "Microsoft.EventGrid/systemTopics/eventSubscriptions",
            "apiVersion": "2021-06-01-preview",
            "name": "[concat(parameters('systemTopics_MijnHoofdstuk_name'), '/MijnSubscription')]",
            "dependsOn": [
                "[resourceId('Microsoft.EventGrid/systemTopics', parameters('systemTopics_MijnHoofdstuk_name'))]"
            ],
            "properties": {
                "destination": {
                    "properties": {
                        "maxEventsPerBatch": 1,
                        "preferredBatchSizeInKilobytes": 64
                    },
                    "endpointType": "WebHook"
                },
                "filter": {
                    "includedEventTypes": [
                        "Microsoft.Storage.BlobCreated",
                        "Microsoft.Storage.BlobDeleted"
                    ],
                    "enableAdvancedFilteringOnArrays": true
                },
                "labels": [],
                "eventDeliverySchema": "EventGridSchema",
                "retryPolicy": {
                    "maxDeliveryAttempts": 30,
                    "eventTimeToLiveInMinutes": 1440
                }
            }
        },
        {
            "type": "Microsoft.EventHub/namespaces/AuthorizationRules",
            "apiVersion": "2021-06-01-preview",
            "name": "[concat(parameters('namespaces_ps_evt_hubs_name'), '/RootManageSharedAccessKey')]",
            "location": "West Europe",
            "dependsOn": [
                "[resourceId('Microsoft.EventHub/namespaces', parameters('namespaces_ps_evt_hubs_name'))]"
            ],
            "properties": {
                "rights": [
                    "Listen",
                    "Manage",
                    "Send"
                ]
            }
        },
        {
            "type": "Microsoft.EventHub/namespaces/eventhubs",
            "apiVersion": "2021-06-01-preview",
            "name": "[concat(parameters('namespaces_ps_evt_hubs_name'), '/een-hub')]",
            "location": "West Europe",
            "dependsOn": [
                "[resourceId('Microsoft.EventHub/namespaces', parameters('namespaces_ps_evt_hubs_name'))]"
            ],
            "properties": {
                "messageRetentionInDays": 1,
                "partitionCount": 5,
                "status": "Active"
            }
        },
        {
            "type": "Microsoft.EventHub/namespaces/networkRuleSets",
            "apiVersion": "2021-06-01-preview",
            "name": "[concat(parameters('namespaces_ps_evt_hubs_name'), '/default')]",
            "location": "West Europe",
            "dependsOn": [
                "[resourceId('Microsoft.EventHub/namespaces', parameters('namespaces_ps_evt_hubs_name'))]"
            ],
            "properties": {
                "publicNetworkAccess": "Enabled",
                "defaultAction": "Allow",
                "virtualNetworkRules": [],
                "ipRules": []
            }
        },
        {
            "type": "Microsoft.Storage/storageAccounts/blobServices",
            "apiVersion": "2021-06-01",
            "name": "[concat(parameters('storageAccounts_psgridlogging_name'), '/default')]",
            "dependsOn": [
                "[resourceId('Microsoft.Storage/storageAccounts', parameters('storageAccounts_psgridlogging_name'))]"
            ],
            "sku": {
                "name": "Standard_LRS",
                "tier": "Standard"
            },
            "properties": {
                "cors": {
                    "corsRules": []
                },
                "deleteRetentionPolicy": {
                    "enabled": true,
                    "days": 7
                },
                "isVersioningEnabled": false,
                "changeFeed": {
                    "enabled": false
                },
                "restorePolicy": {
                    "enabled": false
                },
                "containerDeleteRetentionPolicy": {
                    "enabled": true,
                    "days": 7
                }
            }
        },
        {
            "type": "Microsoft.Storage/storageAccounts/fileServices",
            "apiVersion": "2021-06-01",
            "name": "[concat(parameters('storageAccounts_psgridlogging_name'), '/default')]",
            "dependsOn": [
                "[resourceId('Microsoft.Storage/storageAccounts', parameters('storageAccounts_psgridlogging_name'))]"
            ],
            "sku": {
                "name": "Standard_LRS",
                "tier": "Standard"
            },
            "properties": {
                "protocolSettings": {
                    "smb": {}
                },
                "cors": {
                    "corsRules": []
                },
                "shareDeleteRetentionPolicy": {
                    "enabled": true,
                    "days": 7
                }
            }
        },
        {
            "type": "Microsoft.Storage/storageAccounts/queueServices",
            "apiVersion": "2021-06-01",
            "name": "[concat(parameters('storageAccounts_psgridlogging_name'), '/default')]",
            "dependsOn": [
                "[resourceId('Microsoft.Storage/storageAccounts', parameters('storageAccounts_psgridlogging_name'))]"
            ],
            "properties": {
                "cors": {
                    "corsRules": []
                }
            }
        },
        {
            "type": "Microsoft.Storage/storageAccounts/tableServices",
            "apiVersion": "2021-06-01",
            "name": "[concat(parameters('storageAccounts_psgridlogging_name'), '/default')]",
            "dependsOn": [
                "[resourceId('Microsoft.Storage/storageAccounts', parameters('storageAccounts_psgridlogging_name'))]"
            ],
            "properties": {
                "cors": {
                    "corsRules": []
                }
            }
        },
        {
            "type": "Microsoft.Web/sites",
            "apiVersion": "2021-02-01",
            "name": "[parameters('sites_ps_evtgrid_ep_name')]",
            "location": "West Europe",
            "dependsOn": [
                "[resourceId('Microsoft.Web/serverfarms', parameters('serverfarms_ps_evtgrid_plan_name'))]"
            ],
            "tags": {
                "hidden-related:/subscriptions/b61c14ee-0646-4d4a-857a-7e76d6a5065c/resourceGroups/Module_9/providers/Microsoft.Web/serverFarms/ps-evtgrid-plan": "empty"
            },
            "kind": "app",
            "identity": {
                "type": "SystemAssigned"
            },
            "properties": {
                "enabled": true,
                "hostNameSslStates": [
                    {
                        "name": "[concat(parameters('sites_ps_evtgrid_ep_name'), '.azurewebsites.net')]",
                        "sslState": "Disabled",
                        "hostType": "Standard"
                    },
                    {
                        "name": "[concat(parameters('sites_ps_evtgrid_ep_name'), '.scm.azurewebsites.net')]",
                        "sslState": "Disabled",
                        "hostType": "Repository"
                    }
                ],
                "serverFarmId": "[resourceId('Microsoft.Web/serverfarms', parameters('serverfarms_ps_evtgrid_plan_name'))]",
                "reserved": false,
                "isXenon": false,
                "hyperV": false,
                "siteConfig": {
                    "numberOfWorkers": 1,
                    "acrUseManagedIdentityCreds": false,
                    "alwaysOn": false,
                    "http20Enabled": false,
                    "functionAppScaleLimit": 0,
                    "minimumElasticInstanceCount": 0
                },
                "scmSiteAlsoStopped": false,
                "clientAffinityEnabled": true,
                "clientCertEnabled": false,
                "clientCertMode": "Required",
                "hostNamesDisabled": false,
                "customDomainVerificationId": "28B4BA06E3D8BFAB4D4ADDFA78B81A26E6B38D4D647C87E44A17A214B19F0831",
                "containerSize": 0,
                "dailyMemoryTimeQuota": 0,
                "httpsOnly": true,
                "redundancyMode": "None",
                "storageAccountRequired": false,
                "keyVaultReferenceIdentity": "SystemAssigned"
            }
        },
        {
            "type": "Microsoft.Web/sites/basicPublishingCredentialsPolicies",
            "apiVersion": "2021-02-01",
            "name": "[concat(parameters('sites_ps_evtgrid_ep_name'), '/ftp')]",
            "location": "West Europe",
            "dependsOn": [
                "[resourceId('Microsoft.Web/sites', parameters('sites_ps_evtgrid_ep_name'))]"
            ],
            "tags": {
                "hidden-related:/subscriptions/b61c14ee-0646-4d4a-857a-7e76d6a5065c/resourceGroups/Module_9/providers/Microsoft.Web/serverFarms/ps-evtgrid-plan": "empty"
            },
            "properties": {
                "allow": true
            }
        },
        {
            "type": "Microsoft.Web/sites/basicPublishingCredentialsPolicies",
            "apiVersion": "2021-02-01",
            "name": "[concat(parameters('sites_ps_evtgrid_ep_name'), '/scm')]",
            "location": "West Europe",
            "dependsOn": [
                "[resourceId('Microsoft.Web/sites', parameters('sites_ps_evtgrid_ep_name'))]"
            ],
            "tags": {
                "hidden-related:/subscriptions/b61c14ee-0646-4d4a-857a-7e76d6a5065c/resourceGroups/Module_9/providers/Microsoft.Web/serverFarms/ps-evtgrid-plan": "empty"
            },
            "properties": {
                "allow": true
            }
        },
        {
            "type": "Microsoft.Web/sites/config",
            "apiVersion": "2021-02-01",
            "name": "[concat(parameters('sites_ps_evtgrid_ep_name'), '/web')]",
            "location": "West Europe",
            "dependsOn": [
                "[resourceId('Microsoft.Web/sites', parameters('sites_ps_evtgrid_ep_name'))]"
            ],
            "tags": {
                "hidden-related:/subscriptions/b61c14ee-0646-4d4a-857a-7e76d6a5065c/resourceGroups/Module_9/providers/Microsoft.Web/serverFarms/ps-evtgrid-plan": "empty"
            },
            "properties": {
                "numberOfWorkers": 1,
                "defaultDocuments": [
                    "Default.htm",
                    "Default.html",
                    "Default.asp",
                    "index.htm",
                    "index.html",
                    "iisstart.htm",
                    "default.aspx",
                    "index.php",
                    "hostingstart.html"
                ],
                "netFrameworkVersion": "v5.0",
                "phpVersion": "5.6",
                "requestTracingEnabled": false,
                "remoteDebuggingEnabled": false,
                "httpLoggingEnabled": false,
                "acrUseManagedIdentityCreds": false,
                "logsDirectorySizeLimit": 35,
                "detailedErrorLoggingEnabled": false,
                "publishingUsername": "$ps-evtgrid-ep",
                "scmType": "None",
                "use32BitWorkerProcess": true,
                "webSocketsEnabled": false,
                "alwaysOn": false,
                "managedPipelineMode": "Integrated",
                "virtualApplications": [
                    {
                        "virtualPath": "/",
                        "physicalPath": "site\\wwwroot",
                        "preloadEnabled": false
                    }
                ],
                "loadBalancing": "LeastRequests",
                "experiments": {
                    "rampUpRules": []
                },
                "autoHealEnabled": false,
                "vnetRouteAllEnabled": false,
                "vnetPrivatePortsCount": 0,
                "localMySqlEnabled": false,
                "managedServiceIdentityId": 18870,
                "ipSecurityRestrictions": [
                    {
                        "ipAddress": "Any",
                        "action": "Allow",
                        "priority": 1,
                        "name": "Allow all",
                        "description": "Allow all access"
                    }
                ],
                "scmIpSecurityRestrictions": [
                    {
                        "ipAddress": "Any",
                        "action": "Allow",
                        "priority": 1,
                        "name": "Allow all",
                        "description": "Allow all access"
                    }
                ],
                "scmIpSecurityRestrictionsUseMain": false,
                "http20Enabled": false,
                "minTlsVersion": "1.2",
                "scmMinTlsVersion": "1.0",
                "ftpsState": "AllAllowed",
                "preWarmedInstanceCount": 0,
                "functionAppScaleLimit": 0,
                "functionsRuntimeScaleMonitoringEnabled": false,
                "minimumElasticInstanceCount": 0,
                "azureStorageAccounts": {}
            }
        },
        {
            "type": "Microsoft.Web/sites/hostNameBindings",
            "apiVersion": "2021-02-01",
            "name": "[concat(parameters('sites_ps_evtgrid_ep_name'), '/', parameters('sites_ps_evtgrid_ep_name'), '.azurewebsites.net')]",
            "location": "West Europe",
            "dependsOn": [
                "[resourceId('Microsoft.Web/sites', parameters('sites_ps_evtgrid_ep_name'))]"
            ],
            "properties": {
                "siteName": "ps-evtgrid-ep",
                "hostNameType": "Verified"
            }
        },
        {
            "type": "Microsoft.Web/sites/siteextensions",
            "apiVersion": "2021-02-01",
            "name": "[concat(parameters('sites_ps_evtgrid_ep_name'), '/Microsoft.AspNetCore.AzureAppServices.SiteExtension')]",
            "location": "West Europe",
            "dependsOn": [
                "[resourceId('Microsoft.Web/sites', parameters('sites_ps_evtgrid_ep_name'))]"
            ]
        },
        {
            "type": "Microsoft.Web/sites/snapshots",
            "apiVersion": "2015-08-01",
            "name": "[concat(parameters('sites_ps_evtgrid_ep_name'), '/2021-12-01T04_59_14_5507972')]",
            "dependsOn": [
                "[resourceId('Microsoft.Web/sites', parameters('sites_ps_evtgrid_ep_name'))]"
            ]
        },
        {
            "type": "Microsoft.Web/sites/snapshots",
            "apiVersion": "2015-08-01",
            "name": "[concat(parameters('sites_ps_evtgrid_ep_name'), '/2021-12-01T05_59_14_5857163')]",
            "dependsOn": [
                "[resourceId('Microsoft.Web/sites', parameters('sites_ps_evtgrid_ep_name'))]"
            ]
        },
        {
            "type": "Microsoft.Web/sites/snapshots",
            "apiVersion": "2015-08-01",
            "name": "[concat(parameters('sites_ps_evtgrid_ep_name'), '/2021-12-01T06_59_14_6249504')]",
            "dependsOn": [
                "[resourceId('Microsoft.Web/sites', parameters('sites_ps_evtgrid_ep_name'))]"
            ]
        },
        {
            "type": "Microsoft.Web/sites/snapshots",
            "apiVersion": "2015-08-01",
            "name": "[concat(parameters('sites_ps_evtgrid_ep_name'), '/2021-12-01T07_59_14_7698854')]",
            "dependsOn": [
                "[resourceId('Microsoft.Web/sites', parameters('sites_ps_evtgrid_ep_name'))]"
            ]
        },
        {
            "type": "Microsoft.Web/sites/snapshots",
            "apiVersion": "2015-08-01",
            "name": "[concat(parameters('sites_ps_evtgrid_ep_name'), '/2021-12-01T08_59_14_7001400')]",
            "dependsOn": [
                "[resourceId('Microsoft.Web/sites', parameters('sites_ps_evtgrid_ep_name'))]"
            ]
        },
        {
            "type": "Microsoft.EventHub/namespaces/eventhubs/authorizationRules",
            "apiVersion": "2021-06-01-preview",
            "name": "[concat(parameters('namespaces_ps_evt_hubs_name'), '/een-hub/Readers')]",
            "location": "West Europe",
            "dependsOn": [
                "[resourceId('Microsoft.EventHub/namespaces/eventhubs', parameters('namespaces_ps_evt_hubs_name'), 'een-hub')]",
                "[resourceId('Microsoft.EventHub/namespaces', parameters('namespaces_ps_evt_hubs_name'))]"
            ],
            "properties": {
                "rights": [
                    "Listen"
                ]
            }
        },
        {
            "type": "Microsoft.EventHub/namespaces/eventhubs/authorizationRules",
            "apiVersion": "2021-06-01-preview",
            "name": "[concat(parameters('namespaces_ps_evt_hubs_name'), '/een-hub/Writer')]",
            "location": "West Europe",
            "dependsOn": [
                "[resourceId('Microsoft.EventHub/namespaces/eventhubs', parameters('namespaces_ps_evt_hubs_name'), 'een-hub')]",
                "[resourceId('Microsoft.EventHub/namespaces', parameters('namespaces_ps_evt_hubs_name'))]"
            ],
            "properties": {
                "rights": [
                    "Send"
                ]
            }
        },
        {
            "type": "Microsoft.EventHub/namespaces/eventhubs/consumergroups",
            "apiVersion": "2021-06-01-preview",
            "name": "[concat(parameters('namespaces_ps_evt_hubs_name'), '/een-hub/$Default')]",
            "location": "West Europe",
            "dependsOn": [
                "[resourceId('Microsoft.EventHub/namespaces/eventhubs', parameters('namespaces_ps_evt_hubs_name'), 'een-hub')]",
                "[resourceId('Microsoft.EventHub/namespaces', parameters('namespaces_ps_evt_hubs_name'))]"
            ],
            "properties": {}
        },
        {
            "type": "Microsoft.EventHub/namespaces/eventhubs/consumergroups",
            "apiVersion": "2021-06-01-preview",
            "name": "[concat(parameters('namespaces_ps_evt_hubs_name'), '/een-hub/extraconsumenten')]",
            "location": "West Europe",
            "dependsOn": [
                "[resourceId('Microsoft.EventHub/namespaces/eventhubs', parameters('namespaces_ps_evt_hubs_name'), 'een-hub')]",
                "[resourceId('Microsoft.EventHub/namespaces', parameters('namespaces_ps_evt_hubs_name'))]"
            ],
            "properties": {}
        },
        {
            "type": "Microsoft.Storage/storageAccounts/blobServices/containers",
            "apiVersion": "2021-06-01",
            "name": "[concat(parameters('storageAccounts_psgridlogging_name'), '/default/eventhub')]",
            "dependsOn": [
                "[resourceId('Microsoft.Storage/storageAccounts/blobServices', parameters('storageAccounts_psgridlogging_name'), 'default')]",
                "[resourceId('Microsoft.Storage/storageAccounts', parameters('storageAccounts_psgridlogging_name'))]"
            ],
            "properties": {
                "immutableStorageWithVersioning": {
                    "enabled": false
                },
                "defaultEncryptionScope": "$account-encryption-key",
                "denyEncryptionScopeOverride": false,
                "publicAccess": "None"
            }
        },
        {
            "type": "Microsoft.Storage/storageAccounts/blobServices/containers",
            "apiVersion": "2021-06-01",
            "name": "[concat(parameters('storageAccounts_psgridlogging_name'), '/default/test')]",
            "dependsOn": [
                "[resourceId('Microsoft.Storage/storageAccounts/blobServices', parameters('storageAccounts_psgridlogging_name'), 'default')]",
                "[resourceId('Microsoft.Storage/storageAccounts', parameters('storageAccounts_psgridlogging_name'))]"
            ],
            "properties": {
                "immutableStorageWithVersioning": {
                    "enabled": false
                },
                "defaultEncryptionScope": "$account-encryption-key",
                "denyEncryptionScopeOverride": false,
                "publicAccess": "None"
            }
        },
        {
            "type": "Microsoft.Storage/storageAccounts/blobServices/containers",
            "apiVersion": "2021-06-01",
            "name": "[concat(parameters('storageAccounts_psgridlogging_name'), '/default/webapplogs')]",
            "dependsOn": [
                "[resourceId('Microsoft.Storage/storageAccounts/blobServices', parameters('storageAccounts_psgridlogging_name'), 'default')]",
                "[resourceId('Microsoft.Storage/storageAccounts', parameters('storageAccounts_psgridlogging_name'))]"
            ],
            "properties": {
                "immutableStorageWithVersioning": {
                    "enabled": false
                },
                "defaultEncryptionScope": "$account-encryption-key",
                "denyEncryptionScopeOverride": false,
                "publicAccess": "None"
            }
        }
    ]
}